row_id,entity_id,quarter,prior_state,new_state,snapshot_version,audit_run_id,trust_status,released_at,gross_irr,tvpi,superseded_by,canonical_version,canonical_released_at
fede519b-a68a-4489-98c9-1e634f87b90a,a1b2c3d4-0001-0010-0001-000000000001,2025Q4,released,superseded,meridian-20260410T182315Z-3881843b,0a9b7b1f-7944-4c67-b1b2-e114ac5f12a0,trusted,2026-04-10 18:24:51.870747+00:00,,,7864ca32-aa57-4ad3-88a1-548aa1be3e3c,meridian-20260425T015634Z-bd0a25c2,2026-04-25 01:57:16.192316+00:00
45a70713-80c2-4624-b663-5c0613d6c4b3,a1b2c3d4-0001-0010-0001-000000000001,2026Q2,released,superseded,meridian-20260423T215941Z-b829d351,d8b84657-bb49-4340-9f24-888c9abd9f74,trusted,2026-04-24 02:21:45.808810+00:00,,,ef8a7778-2dc6-4fc8-bfac-272a40b25d50,meridian-20260425T015634Z-bd0a25c2,2026-04-25 01:57:16.192316+00:00
3e490963-3d93-420a-bc1a-edc1eae60a47,a1b2c3d4-0001-0010-0001-000000000001,2026Q2,released,superseded,meridian-20260410T182315Z-3881843b,0a9b7b1f-7944-4c67-b1b2-e114ac5f12a0,trusted,2026-04-10 18:24:51.870747+00:00,,,ef8a7778-2dc6-4fc8-bfac-272a40b25d50,meridian-20260425T015634Z-bd0a25c2,2026-04-25 01:57:16.192316+00:00
26739084-a558-4527-b458-1bb7384cd008,a1b2c3d4-0002-0020-0001-000000000001,2025Q4,released,superseded,meridian-20260410T182315Z-3881843b,0a9b7b1f-7944-4c67-b1b2-e114ac5f12a0,trusted,2026-04-10 18:24:51.870747+00:00,,,edda929c-0d9b-48e6-a716-835177cba074,meridian-20260425T015634Z-bd0a25c2,2026-04-25 01:57:16.192316+00:00
5699074a-0203-4b1d-bb48-2692be298ce2,a1b2c3d4-0002-0020-0001-000000000001,2026Q2,released,superseded,meridian-20260423T215941Z-b829d351,d8b84657-bb49-4340-9f24-888c9abd9f74,trusted,2026-04-23 22:00:23.461998+00:00,,,bd65dedc-64b7-490b-8f06-579321887807,meridian-20260425T015634Z-bd0a25c2,2026-04-25 01:57:16.192316+00:00
5b63a27d-44d1-49aa-a7e8-fdef18649def,a1b2c3d4-0002-0020-0001-000000000001,2026Q2,released,superseded,meridian-20260410T182315Z-3881843b,0a9b7b1f-7944-4c67-b1b2-e114ac5f12a0,trusted,2026-04-10 18:24:51.870747+00:00,,,bd65dedc-64b7-490b-8f06-579321887807,meridian-20260425T015634Z-bd0a25c2,2026-04-25 01:57:16.192316+00:00
54093b2a-60e4-4005-99fa-c07cba4f5b2b,a1b2c3d4-0003-0030-0001-000000000001,2025Q4,released,superseded,meridian-20260410T182315Z-3881843b,0a9b7b1f-7944-4c67-b1b2-e114ac5f12a0,trusted,2026-04-10 18:24:51.870747+00:00,,,16cee28c-c6b8-4030-a02a-39fe6806ba67,meridian-20260425T015634Z-bd0a25c2,2026-04-25 01:57:16.192316+00:00
ca4f8deb-9462-4cfa-92b7-ca3b7327aba9,a1b2c3d4-0003-0030-0001-000000000001,2026Q2,released,superseded,meridian-20260421T151330Z-325c3fa0,1663d1d7-69df-49fe-8f12-a9b77b039c6d,trusted,2026-04-23 15:24:00.283737+00:00,,,a3182040-e9a8-41d9-ac3a-042233ba05c5,meridian-20260425T015634Z-bd0a25c2,2026-04-25 01:57:16.192316+00:00
9d0c5721-5adc-43c8-b007-9551d4999674,a1b2c3d4-0003-0030-0001-000000000001,2026Q2,released,superseded,meridian-20260410T182315Z-3881843b,0a9b7b1f-7944-4c67-b1b2-e114ac5f12a0,trusted,2026-04-10 18:24:51.870747+00:00,,,a3182040-e9a8-41d9-ac3a-042233ba05c5,meridian-20260425T015634Z-bd0a25c2,2026-04-25 01:57:16.192316+00:00
